PLAYER_NAME,SIMILAR_1,SIMILAR_2,SIMILAR_3,SIMILAR_4,SIMILAR_5
AJ Green,Julian Champagnie,Isaiah Joe,Sam Hauser,Grayson Allen,Sam Merrill
Aaron Gordon,Tobias Harris,Harrison Barnes,Keldon Johnson,P.J. Washington,Michael Porter Jr.
Aaron Wiggins,Ochai Agbaji,Jaden McDaniels,Christian Braun,Derrick Jones Jr.,Peyton Watson
Ajay Mitchell,Shake Milton,Keaton Wallace,Quenton Jackson,Pelle Larsson,Ryan Rollins
Al Horford,Dean Wade,Nicolas Batum,Alec Burks,Micah Potter,Pat Connaughton
Alec Burks,Gary Harris,Nicolas Batum,Al Horford,Caleb Houstan,Pat Connaughton
Alex Caruso,Kris Dunn,Cason Wallace,Terance Mann,Cody Martin,Dyson Daniels
Alex Sarr,Kyle Filipowski,Jonathan Mogbo,Jalen Smith,Myles Turner,Nic Claxton
Alperen Sengun,Anthony Davis,Bam Adebayo,Domantas Sabonis,Evan Mobley,Karl-Anthony Towns
Amen Thompson,Josh Hart,Tari Eason,Ausar Thompson,KJ Martin,Brandon Clarke
Amir Coffey,Dillon Brooks,Tim Hardaway Jr.,Taurean Prince,Moses Moody,Luguentz Dort
Andre Drummond,Day'Ron Sharpe,Nick Richards,Yves Missi,Moussa Diabate,Rudy Gobert
Andre Jackson Jr.,Josh Green,Julian Phillips,Ben Sheppard,Jeremiah Robinson-Earl,Dalen Terry
Andrew Nembhard,Terry Rozier,Brandin Podziemski,Shake Milton,Jaime Jaquez Jr.,Brandon Boston
Andrew Wiggins,De'Andre Hunter,Bennedict Mathurin,Cameron Johnson,Shaedon Sharpe,Miles Bridges
Anfernee Simons,Keyonte George,Coby White,Austin Reaves,Dennis Schröder,Jamal Murray
Anthony Black,Stephon Castle,Davion Mitchell,Kevin Porter Jr.,Jamal Shead,Vasilije Micić
Anthony Davis,Alperen Sengun,Karl-Anthony Towns,Evan Mobley,Bam Adebayo,Domantas Sabonis
Anthony Edwards,Donovan Mitchell,Kyrie Irving,Jalen Green,De'Aaron Fox,Tyrese Maxey
Ausar Thompson,Tari Eason,Amen Thompson,Gary Payton II,Brandon Clarke,KJ Martin
Austin Reaves,Malik Monk,Coby White,Keyonte George,Jamal Murray,Anfernee Simons
Ayo Dosunmu,Shake Milton,Terry Rozier,Bilal Coulibaly,Andrew Nembhard,Talen Horton-Tucker
Bam Adebayo,Alperen Sengun,Evan Mobley,Bobby Portis,Pascal Siakam,Anthony Davis
Ben Sheppard,Josh Green,Andre Jackson Jr.,Julian Phillips,Isaac Okoro,Javonte Green
Ben Simmons,Josh Giddey,Kyle Anderson,Tre Jones,Draymond Green,Scotty Pippen Jr.
Bennedict Mathurin,Shaedon Sharpe,Andrew Wiggins,De'Andre Hunter,Bradley Beal,Miles Bridges
Bilal Coulibaly,Jaime Jaquez Jr.,Terry Rozier,Ricky Council IV,Brandon Boston,Keon Johnson
Bobby Portis,Pascal Siakam,John Collins,Bam Adebayo,Evan Mobley,Karl-Anthony Towns
Bogdan Bogdanović,Nick Smith Jr.,Patty Mills,Svi Mykhailiuk,Marcus Smart,
Bradley Beal,Devin Vassell,CJ McCollum,Shaedon Sharpe,Jaden Ivey,Brandon Miller
Brandin Podziemski,Andrew Nembhard,Shake Milton,Terry Rozier,Brandon Boston,Jaime Jaquez Jr.
Brandon Boston,Terry Rozier,Bilal Coulibaly,Shake Milton,Ricky Council IV,Keon Johnson
Brandon Clarke,KJ Martin,Gary Payton II,Amen Thompson,Tari Eason,Ausar Thompson
Brandon Ingram,Cam Thomas,Jordan Clarkson,Paolo Banchero,Tre Mann,Luka Dončić
Brandon Miller,Devin Vassell,Miles Bridges,Shaedon Sharpe,Trey Murphy III,CJ McCollum
Brice Sensabaugh,Quentin Grimes,Moses Moody,Corey Kispert,Julian Strawther,Julian Champagnie
Brook Lopez,Myles Turner,Guerschon Yabusele,Wendell Carter Jr.,Daniel Theis,Isaiah Stewart
Bruce Brown,Kyle Kuzma,Tosan Evbuomwan,Trendon Watford,Malcolm Brogdon,
Bub Carrington,Jamal Shead,Davion Mitchell,Stephon Castle,Isaiah Collier,Monté Morris
Buddy Hield,Duncan Robinson,Julian Champagnie,Kevin Huerter,Moses Moody,Julian Strawther
CJ McCollum,Bradley Beal,Shaedon Sharpe,Devin Vassell,Brandon Miller,Jaden Ivey
Cade Cunningham,De'Aaron Fox,LaMelo Ball,Trae Young,Tyrese Maxey,Jalen Brunson
Caleb Houstan,Gary Harris,Nicolas Batum,Alec Burks,Micah Potter,Pat Connaughton
Caleb Martin,Cody Martin,Nikola Jović,Terance Mann,Nickeil Alexander-Walker,Miles McBride
Cam Reddish,Josh Green,Javonte Green,Kris Murray,Julian Phillips,Jamal Cain
Cam Thomas,Jordan Clarkson,Brandon Ingram,Tre Mann,Paolo Banchero,Luka Dončić
Cam Whitmore,Devin Vassell,Miles Bridges,De'Andre Hunter,Shaedon Sharpe,Bennedict Mathurin
Cameron Johnson,Trey Murphy III,De'Andre Hunter,Andrew Wiggins,Lauri Markkanen,Devin Vassell
Cameron Payne,Jose Alvarado,Fred VanVleet,Marcus Sasser,Tyrese Haliburton,Payton Pritchard
Caris LeVert,Miles McBride,Jrue Holiday,Nickeil Alexander-Walker,Nikola Jović,Terance Mann
Cason Wallace,Kris Dunn,Cody Martin,Terance Mann,Jrue Holiday,Dyson Daniels
Chris Boucher,Naz Reid,Obi Toppin,Keldon Johnson,Rui Hachimura,Derrick Jones Jr.
Chris Paul,Fred VanVleet,Tyrese Haliburton,Tyus Jones,Derrick White,Marcus Sasser
Christian Braun,Peyton Watson,Ochai Agbaji,Derrick Jones Jr.,Aaron Wiggins,OG Anunoby
Clint Capela,Onyeka Okongwu,Jakob Poeltl,Trayce Jackson-Davis,Goga Bitadze,Dereck Lively II
Coby White,Malik Monk,Austin Reaves,Keyonte George,Anfernee Simons,Jamal Murray
Cody Martin,Caleb Martin,Terance Mann,Nikola Jović,Kris Dunn,Cason Wallace
Cody Williams,Kyshawn George,Tidjane Salaun,Ja'Kobe Walter,Matas Buzelis,Zaccharie Risacher
Cole Anthony,Jalen Suggs,Scoot Henderson,Dalano Banton,Malik Monk,Dejounte Murray
Collin Sexton,De'Aaron Fox,Jordan Poole,Devin Booker,Kyrie Irving,Jalen Green
Corey Kispert,Gradey Dick,Julian Strawther,Jalen Wilson,Simone Fontecchio,Duncan Robinson
D'Angelo Russell,Malik Monk,Austin Reaves,Keyonte George,Jamal Murray,Coby White
Dalano Banton,Cole Anthony,Malik Monk,Jalen Suggs,Scoot Henderson,Coby White
Dalen Terry,Julian Phillips,Herbert Jones,Josh Green,Toumani Camara,Andre Jackson Jr.
Dalton Knecht,Jaylen Wells,Tristan da Silva,Jamison Battle,Tyrese Martin,Ryan Dunn
Damian Lillard,Darius Garland,De'Aaron Fox,Jalen Brunson,Stephen Curry,Trae Young
Daniel Gafford,Jalen Duren,Dereck Lively II,Jakob Poeltl,Jarrett Allen,Onyeka Okongwu
Daniel Theis,Wendell Carter Jr.,Isaiah Stewart,Precious Achiuwa,Nic Claxton,Jalen Smith
Dario Šarić,Zach Collins,Jusuf Nurkić,Kelly Olynyk,,
Darius Garland,Tyler Herro,Donovan Mitchell,De'Aaron Fox,Stephen Curry,Damian Lillard
David Roddy,Pat Connaughton,John Konchar,Max Strus,Dean Wade,Alec Burks
Davion Mitchell,Jamal Shead,Anthony Black,Bub Carrington,Monté Morris,Stephon Castle
Day'Ron Sharpe,Andre Drummond,Zach Edey,Nick Richards,Yves Missi,Donovan Clingan
De'Aaron Fox,Tyrese Maxey,Collin Sexton,Donovan Mitchell,Jalen Green,Anthony Edwards
De'Andre Hunter,Trey Murphy III,Lauri Markkanen,Cameron Johnson,Andrew Wiggins,Bennedict Mathurin
DeMar DeRozan,Jaylen Brown,Kevin Durant,Julius Randle,Jalen Williams,Scottie Barnes
Dean Wade,Al Horford,Nicolas Batum,John Konchar,Pat Connaughton,David Roddy
Deandre Ayton,Nic Claxton,Precious Achiuwa,Kel'el Ware,Daniel Theis,Myles Turner
Dejounte Murray,Cole Anthony,Scoot Henderson,Dalano Banton,Keyonte George,Jamal Murray
Delon Wright,Kris Dunn,Kyle Lowry,Caleb Martin,Mike Conley,Vít Krejčí
Deni Avdija,RJ Barrett,Jalen Johnson,Scottie Barnes,Jonathan Kuminga,Julius Randle
Dennis Schröder,Scoot Henderson,Anfernee Simons,Keyonte George,Austin Reaves,Cole Anthony
Dereck Lively II,Jalen Duren,Goga Bitadze,Jarrett Allen,Jakob Poeltl,Trayce Jackson-Davis
Derrick Jones Jr.,Jaden McDaniels,Rui Hachimura,OG Anunoby,Peyton Watson,P.J. Washington
Derrick White,Payton Pritchard,Tyus Jones,Fred VanVleet,Marcus Sasser,Tyrese Haliburton
Desmond Bane,Jalen Williams,Scottie Barnes,Jalen Johnson,Deni Avdija,RJ Barrett
Devin Booker,Collin Sexton,Donovan Mitchell,De'Aaron Fox,Kyrie Irving,Darius Garland
Devin Vassell,Bradley Beal,Brandon Miller,Shaedon Sharpe,CJ McCollum,Cameron Johnson
Dillon Brooks,Julian Strawther,Amir Coffey,Luguentz Dort,Moses Moody,Taurean Prince
Domantas Sabonis,Evan Mobley,Karl-Anthony Towns,Alperen Sengun,Anthony Davis,Bam Adebayo
Donovan Clingan,Yves Missi,Zach Edey,Walker Kessler,Day'Ron Sharpe,Neemias Queta
Donovan Mitchell,Anthony Edwards,Kyrie Irving,De'Aaron Fox,Darius Garland,Stephen Curry
Donte DiVincenzo,Nickeil Alexander-Walker,Miles McBride,Vít Krejčí,Jrue Holiday,Nikola Jović
Dorian Finney-Smith,Haywood Highsmith,Taurean Prince,Simone Fontecchio,Julian Champagnie,Royce O'Neale
Draymond Green,Kyle Anderson,Josh Giddey,Jake LaRavia,Scotty Pippen Jr.,Ben Simmons
Drew Eubanks,Precious Achiuwa,Nic Claxton,Daniel Theis,Isaiah Stewart,Myles Turner
Dru Smith,Alex Caruso,Nickeil Alexander-Walker,Kris Dunn,Cason Wallace,Cody Martin
Duncan Robinson,Buddy Hield,Corey Kispert,Kevin Huerter,Moses Moody,Julian Strawther
Dyson Daniels,Cason Wallace,Cody Martin,Kris Dunn,Terance Mann,Caleb Martin
Eric Gordon,Moses Moody,Tim Hardaway Jr.,Jerami Grant,Grayson Allen,Taurean Prince
Evan Mobley,John Collins,Moritz Wagner,Karl-Anthony Towns,Pascal Siakam,Domantas Sabonis
Franz Wagner,Jalen Williams,Jonathan Kuminga,RJ Barrett,Jaylen Brown,Scottie Barnes
Fred VanVleet,Tyrese Haliburton,Cameron Payne,Payton Pritchard,Derrick White,Tyus Jones
Gabe Vincent,Nickeil Alexander-Walker,Terance Mann,Vít Krejčí,Caleb Martin,Kentavious Caldwell-Pope
Garrison Mathews,Moses Moody,Grayson Allen,Julian Strawther,Tim Hardaway Jr.,Isaiah Joe
Gary Harris,Alec Burks,Caleb Houstan,Nicolas Batum,Pat Connaughton,David Roddy
Gary Payton II,KJ Martin,Brandon Clarke,Ausar Thompson,Amen Thompson,Tari Eason
Gary Trent Jr.,Malik Beasley,Klay Thompson,Taurean Prince,Julian Champagnie,Amir Coffey
Georges Niang,Trey Lyles,Kenrich Williams,Grant Williams,Maxi Kleber,Jay Huff
Giannis Antetokounmpo,LeBron James,Jayson Tatum,Shai Gilgeous-Alexander,James Harden,
Goga Bitadze,Dereck Lively II,Onyeka Okongwu,Jalen Duren,Jakob Poeltl,Trayce Jackson-Davis
Gradey Dick,Corey Kispert,Jordan Hawkins,Julian Strawther,Moses Moody,Jalen Wilson
Grant Williams,Trey Lyles,Maxi Kleber,Kenrich Williams,Georges Niang,Jaylin Williams
Grayson Allen,Julian Champagnie,Moses Moody,Quentin Grimes,Royce O'Neale,Buddy Hield
Guerschon Yabusele,Kyle Filipowski,Myles Turner,Jonathan Mogbo,Kel'el Ware,Daniel Theis
Harrison Barnes,Rui Hachimura,Tobias Harris,Keldon Johnson,Jabari Smith Jr.,Mikal Bridges
Haywood Highsmith,Dorian Finney-Smith,Lindy Waters III,Julian Champagnie,Max Christie,Taurean Prince
Herbert Jones,Ziaire Williams,Josh Green,Toumani Camara,Dalen Terry,Javonte Green
Isaac Okoro,Josh Green,Herbert Jones,Ben Sheppard,Julian Phillips,Kris Murray
Isaiah Collier,Jamal Shead,Stephon Castle,Davion Mitchell,Bub Carrington,Kevin Porter Jr.
Isaiah Hartenstein,Goga Bitadze,Jakob Poeltl,Dereck Lively II,Kevon Looney,Trayce Jackson-Davis
Isaiah Joe,Sam Merrill,Duncan Robinson,Luguentz Dort,Buddy Hield,Moses Moody
Isaiah Stewart,Daniel Theis,Precious Achiuwa,Wendell Carter Jr.,Mo Bamba,Nic Claxton
Isaiah Wong,,,,,
Ivica Zubac,Jakob Poeltl,Goga Bitadze,Jarrett Allen,Jalen Duren,Clint Capela
Ja Morant,De'Aaron Fox,LaMelo Ball,Cade Cunningham,Tyrese Maxey,Darius Garland
Ja'Kobe Walter,Zaccharie Risacher,Kyshawn George,Matas Buzelis,Tristan da Silva,Cody Williams
Jabari Smith Jr.,Keegan Murray,Rui Hachimura,P.J. Washington,Tobias Harris,Jaden McDaniels
Jaden Hardy,Jaden Ivey,Shaedon Sharpe,Bradley Beal,Devin Vassell,Brandon Miller
Jaden Ivey,Jaden Hardy,Shaedon Sharpe,Bradley Beal,CJ McCollum,Brandon Miller
Jaden McDaniels,Derrick Jones Jr.,Keegan Murray,Kelly Oubre Jr.,OG Anunoby,Rui Hachimura
Jaime Jaquez Jr.,Bilal Coulibaly,Terry Rozier,Ricky Council IV,Andrew Nembhard,Brandon Boston
Jake LaRavia,Scotty Pippen Jr.,Josh Giddey,Tre Jones,Kyle Anderson,Draymond Green
Jakob Poeltl,Jalen Duren,Onyeka Okongwu,Clint Capela,Dereck Lively II,Goga Bitadze
Jalen Brunson,Darius Garland,Damian Lillard,De'Aaron Fox,Tyrese Maxey,Cade Cunningham
Jalen Duren,Jakob Poeltl,Dereck Lively II,Goga Bitadze,Daniel Gafford,Jarrett Allen
Jalen Green,Tyler Herro,Tyrese Maxey,Anthony Edwards,De'Aaron Fox,Zach LaVine
Jalen Johnson,Scottie Barnes,Deni Avdija,RJ Barrett,Jonathan Kuminga,Jalen Williams
Jalen Smith,Myles Turner,Wendell Carter Jr.,Daniel Theis,Alex Sarr,Jonathan Isaac
Jalen Suggs,Cole Anthony,Malik Monk,Dalano Banton,Austin Reaves,Jamal Murray
Jalen Williams,Desmond Bane,Franz Wagner,Scottie Barnes,Jonathan Kuminga,Jalen Johnson
Jalen Wilson,Patrick Williams,Max Christie,Corey Kispert,Julian Strawther,Simone Fontecchio
Jamal Cain,Kris Murray,Javonte Green,Cam Reddish,Ziaire Williams,Julian Phillips
Jamal Murray,Malik Monk,Austin Reaves,Coby White,Anfernee Simons,Keyonte George
Jamal Shead,Davion Mitchell,Bub Carrington,Stephon Castle,Isaiah Collier,Anthony Black
James Harden,Jayson Tatum,LeBron James,Shai Gilgeous-Alexander,Giannis Antetokounmpo,
Jamison Battle,Dalton Knecht,Jaylen Wells,Tyrese Martin,Ryan Dunn,Tristan da Silva
Jarace Walker,Kevin Huerter,Julian Champagnie,Quentin Grimes,Royce O'Neale,Julian Strawther
Jared McCain,Shaedon Sharpe,Jaden Ivey,Jaden Hardy,CJ McCollum,Bradley Beal
Jaren Jackson Jr.,John Collins,Evan Mobley,Pascal Siakam,Moritz Wagner,Victor Wembanyama
Jarrett Allen,Dereck Lively II,Jakob Poeltl,Onyeka Okongwu,Goga Bitadze,Ivica Zubac
Javonte Green,Josh Green,Julian Phillips,Ziaire Williams,Toumani Camara,Kris Murray
Jaxson Hayes,Neemias Queta,Jericho Sims,Rudy Gobert,Nick Richards,Yves Missi
Jay Huff,Georges Niang,Trey Lyles,Larry Nance Jr.,Kenrich Williams,Grant Williams
Jaylen Brown,Julius Randle,RJ Barrett,Jonathan Kuminga,Scottie Barnes,Franz Wagner
Jaylen Wells,Dalton Knecht,Tristan da Silva,Zaccharie Risacher,Jamison Battle,Ja'Kobe Walter
Jaylin Williams,Kenrich Williams,Trey Lyles,Grant Williams,Georges Niang,Maxi Kleber
Jayson Tatum,LeBron James,James Harden,Shai Gilgeous-Alexander,Giannis Antetokounmpo,
Jerami Grant,Moses Moody,Tim Hardaway Jr.,Dillon Brooks,Patrick Williams,Gradey Dick
Jeremiah Robinson-Earl,Julian Phillips,Toumani Camara,Kris Murray,Andre Jackson Jr.,Ziaire Williams
Jeremy Sochan,Precious Achiuwa,Jonathan Mogbo,Nic Claxton,Wendell Carter Jr.,Jalen Smith
Jericho Sims,Jaxson Hayes,Moussa Diabate,Mason Plumlee,Oso Ighodaro,Rudy Gobert
Jimmy Butler,Julius Randle,Jaylen Brown,Jonathan Kuminga,Deni Avdija,Scottie Barnes
Joel Embiid,,,,,
John Collins,Moritz Wagner,Evan Mobley,Pascal Siakam,Bobby Portis,Jaren Jackson Jr.
John Konchar,Nicolas Batum,Dean Wade,Micah Potter,David Roddy,Pat Connaughton
Johnny Juzang,Simone Fontecchio,Grayson Allen,Lindy Waters III,Julian Champagnie,Buddy Hield
Jonas Valančiūnas,Nikola Vučević,Nikola Jokić,Kristaps Porziņģis,,
Jonathan Isaac,Precious Achiuwa,Wendell Carter Jr.,Jonathan Mogbo,Jalen Smith,Nic Claxton
Jonathan Kuminga,RJ Barrett,Deni Avdija,Jaylen Brown,Scottie Barnes,Jalen Johnson
Jonathan Mogbo,Kyle Filipowski,Precious Achiuwa,Jeremy Sochan,Nic Claxton,Alex Sarr
Jordan Clarkson,Cam Thomas,Tre Mann,Brandon Ingram,Luka Dončić,Paolo Banchero
Jordan Hawkins,Gradey Dick,Corey Kispert,Buddy Hield,Simone Fontecchio,Moses Moody
Jordan Miller,Bilal Coulibaly,Ricky Council IV,Jaime Jaquez Jr.,Shake Milton,Terry Rozier
Jordan Poole,Collin Sexton,Tyrese Maxey,De'Aaron Fox,Jalen Green,Anthony Edwards
Jose Alvarado,Marcus Sasser,Cameron Payne,Fred VanVleet,Tyus Jones,Payton Pritchard
Josh Giddey,Scotty Pippen Jr.,Jake LaRavia,Kyle Anderson,Tre Jones,Draymond Green
Josh Green,Ben Sheppard,Andre Jackson Jr.,Javonte Green,Julian Phillips,Toumani Camara
Josh Hart,Amen Thompson,KJ Martin,Tari Eason,Gary Payton II,Brandon Clarke
Josh Okogie,Trevelin Queen,Ziaire Williams,Javonte Green,Jeremiah Robinson-Earl,Kris Murray
Jrue Holiday,Miles McBride,Kentavious Caldwell-Pope,Caris LeVert,Nikola Jović,Nickeil Alexander-Walker
Julian Champagnie,Royce O'Neale,Kevin Huerter,Grayson Allen,Max Christie,Julian Strawther
Julian Phillips,Jeremiah Robinson-Earl,Kris Murray,Josh Green,Andre Jackson Jr.,Javonte Green
Julian Strawther,Moses Moody,Max Christie,Corey Kispert,Kevin Huerter,Julian Champagnie
Julius Randle,Jaylen Brown,Deni Avdija,Jonathan Kuminga,Scottie Barnes,Jimmy Butler
Justin Champagnie,,,,,
Justin Edwards,Dalton Knecht,Jamison Battle,Ryan Dunn,Tristan da Silva,Ja'Kobe Walter
Jusuf Nurkić,Zach Collins,Kelly Olynyk,Dario Šarić,,
KJ Martin,Gary Payton II,Brandon Clarke,Amen Thompson,Josh Hart,Tari Eason
KJ Simpson,Stephon Castle,Jamal Shead,Isaiah Collier,Bub Carrington,Anthony Black
Karl-Anthony Towns,Evan Mobley,Domantas Sabonis,Anthony Davis,Alperen Sengun,John Collins
Keaton Wallace,Ajay Mitchell,Shake Milton,Terry Rozier,Brandin Podziemski,Quenton Jackson
Keegan Murray,Jabari Smith Jr.,Jaden McDaniels,Rui Hachimura,P.J. Washington,Ochai Agbaji
Kel'el Ware,Myles Turner,Guerschon Yabusele,Thomas Bryant,Jalen Smith,Deandre Ayton
Keldon Johnson,P.J. Washington,Kelly Oubre Jr.,Rui Hachimura,Naji Marshall,Tobias Harris
Kelly Olynyk,Zach Collins,Jusuf Nurkić,Dario Šarić,,
Kelly Oubre Jr.,P.J. Washington,Keldon Johnson,Naji Marshall,Jaden McDaniels,OG Anunoby
Kenrich Williams,Georges Niang,Trey Lyles,Grant Williams,Jaylin Williams,Maxi Kleber
Kentavious Caldwell-Pope,Jrue Holiday,Terance Mann,Cason Wallace,Nickeil Alexander-Walker,Cody Martin
Keon Ellis,Haywood Highsmith,Luguentz Dort,Grayson Allen,Taurean Prince,Max Christie
Keon Johnson,Bilal Coulibaly,Terry Rozier,Brandon Boston,Ricky Council IV,Jaime Jaquez Jr.
Kevin Durant,Jaylen Brown,DeMar DeRozan,Julius Randle,Scottie Barnes,RJ Barrett
Kevin Huerter,Lindy Waters III,Julian Champagnie,Julian Strawther,Duncan Robinson,Corey Kispert
Kevin Porter Jr.,Stephon Castle,Anthony Black,Isaiah Collier,Jamal Shead,Bub Carrington
Kevon Looney,Trayce Jackson-Davis,Goga Bitadze,Jakob Poeltl,Isaiah Hartenstein,Clint Capela
Keyonte George,Anfernee Simons,Austin Reaves,Coby White,Scoot Henderson,Dennis Schröder
Khris Middleton,Paul George,Jamal Murray,Malik Monk,Cole Anthony,D'Angelo Russell
Klay Thompson,Malik Beasley,Buddy Hield,Gary Trent Jr.,Moses Moody,Duncan Robinson
Kris Dunn,Cason Wallace,Cody Martin,Nickeil Alexander-Walker,Dyson Daniels,Terance Mann
Kris Murray,Julian Phillips,Josh Green,Jeremiah Robinson-Earl,Toumani Camara,Javonte Green
Kristaps Porziņģis,Nikola Vučević,Jonas Valančiūnas,Nikola Jokić,,
Kyle Anderson,Draymond Green,Josh Giddey,Jake LaRavia,Scotty Pippen Jr.,Tre Jones
Kyle Filipowski,Jonathan Mogbo,Guerschon Yabusele,Alex Sarr,Wendell Carter Jr.,Nic Claxton
Kyle Kuzma,Bruce Brown,Malcolm Brogdon,Tosan Evbuomwan,Trendon Watford,
Kyle Lowry,Mike Conley,Vít Krejčí,Delon Wright,Jrue Holiday,Donte DiVincenzo
Kyrie Irving,Anthony Edwards,Donovan Mitchell,Zach LaVine,De'Aaron Fox,Collin Sexton
Kyshawn George,Tidjane Salaun,Ja'Kobe Walter,Zaccharie Risacher,Cody Williams,Tyrese Martin
LaMelo Ball,Tyrese Maxey,Cade Cunningham,De'Aaron Fox,Jordan Poole,Donovan Mitchell
Larry Nance Jr.,Trey Lyles,Georges Niang,Kenrich Williams,Grant Williams,Jay Huff
Lauri Markkanen,De'Andre Hunter,Trey Murphy III,Cameron Johnson,Miles Bridges,Andrew Wiggins
LeBron James,Jayson Tatum,James Harden,Giannis Antetokounmpo,Shai Gilgeous-Alexander,
Lindy Waters III,Kevin Huerter,Haywood Highsmith,Simone Fontecchio,Julian Champagnie,Taurean Prince
Lonzo Ball,Kris Dunn,Mike Conley,Vít Krejčí,Donte DiVincenzo,Nickeil Alexander-Walker
Luguentz Dort,Taurean Prince,Dillon Brooks,Moses Moody,Dorian Finney-Smith,Julian Strawther
Luka Dončić,Brandon Ingram,Cam Thomas,Jordan Clarkson,Paolo Banchero,Tre Mann
Luke Kennard,Grayson Allen,Duncan Robinson,Buddy Hield,Sam Merrill,Quentin Grimes
Luke Kornet,Dereck Lively II,Jalen Duren,Goga Bitadze,Daniel Gafford,Jarrett Allen
Malcolm Brogdon,Kyle Kuzma,Trendon Watford,Bruce Brown,Tosan Evbuomwan,
Malik Beasley,Klay Thompson,Buddy Hield,Gary Trent Jr.,Grayson Allen,Moses Moody
Malik Monk,Coby White,Austin Reaves,Jamal Murray,Cole Anthony,Dalano Banton
Marcus Sasser,Jose Alvarado,Cameron Payne,Tyus Jones,Fred VanVleet,Derrick White
Marcus Smart,Bogdan Bogdanović,Patty Mills,Svi Mykhailiuk,Nick Smith Jr.,
Mark Williams,Jakob Poeltl,Jarrett Allen,Jalen Duren,Onyeka Okongwu,Daniel Gafford
Mason Plumlee,Rudy Gobert,Jericho Sims,Yves Missi,Oso Ighodaro,Jaxson Hayes
Matas Buzelis,Zaccharie Risacher,Ryan Dunn,Kyshawn George,Tidjane Salaun,Ja'Kobe Walter
Max Christie,Julian Strawther,Moses Moody,Jalen Wilson,Julian Champagnie,Haywood Highsmith
Max Strus,David Roddy,Pat Connaughton,John Konchar,Dean Wade,Alec Burks
Maxi Kleber,Grant Williams,Trey Lyles,Georges Niang,Kenrich Williams,Jaylin Williams
Micah Potter,John Konchar,Al Horford,Caleb Houstan,Nicolas Batum,Dean Wade
Michael Porter Jr.,Mikal Bridges,Rui Hachimura,OG Anunoby,Naz Reid,Jabari Smith Jr.
Mikal Bridges,Michael Porter Jr.,OG Anunoby,Rui Hachimura,Naji Marshall,Harrison Barnes
Mike Conley,Miles McBride,Donte DiVincenzo,Kyle Lowry,Nickeil Alexander-Walker,Jrue Holiday
Miles Bridges,Brandon Miller,Andrew Wiggins,Trey Murphy III,Lauri Markkanen,Devin Vassell
Miles McBride,Nickeil Alexander-Walker,Caris LeVert,Jrue Holiday,Vít Krejčí,Terance Mann
Mo Bamba,Isaiah Stewart,Thomas Bryant,Precious Achiuwa,Daniel Theis,Jonathan Isaac
Monté Morris,Davion Mitchell,Vasilije Micić,Anthony Black,Bub Carrington,Jamal Shead
Moritz Wagner,John Collins,Evan Mobley,Karl-Anthony Towns,Pascal Siakam,Jaren Jackson Jr.
Moses Moody,Julian Strawther,Max Christie,Grayson Allen,Julian Champagnie,Corey Kispert
Moussa Diabate,Oso Ighodaro,Jericho Sims,Yves Missi,Jaxson Hayes,Rudy Gobert
Myles Turner,Brook Lopez,Jalen Smith,Wendell Carter Jr.,Guerschon Yabusele,Kel'el Ware
Naji Marshall,Kelly Oubre Jr.,Keldon Johnson,P.J. Washington,Tobias Harris,Mikal Bridges
Naz Reid,P.J. Washington,Tobias Harris,Rui Hachimura,OG Anunoby,Jabari Smith Jr.
Neemias Queta,Jaxson Hayes,Rudy Gobert,Nick Richards,Yves Missi,Jericho Sims
Nic Claxton,Wendell Carter Jr.,Precious Achiuwa,Deandre Ayton,Jeremy Sochan,Daniel Theis
Nick Richards,Yves Missi,Jaxson Hayes,Rudy Gobert,Neemias Queta,Day'Ron Sharpe
Nick Smith Jr.,Bogdan Bogdanović,Patty Mills,Svi Mykhailiuk,Marcus Smart,
Nickeil Alexander-Walker,Miles McBride,Vít Krejčí,Nikola Jović,Caleb Martin,Jrue Holiday
Nicolas Batum,Al Horford,Dean Wade,Alec Burks,John Konchar,Gary Harris
Nikola Jokić,Jonas Valančiūnas,Nikola Vučević,Kristaps Porziņģis,,
Nikola Jović,Vít Krejčí,Caleb Martin,Nickeil Alexander-Walker,Cody Martin,Terance Mann
Nikola Vučević,Jonas Valančiūnas,Kristaps Porziņģis,Nikola Jokić,,
Noah Clowney,Julian Champagnie,Simone Fontecchio,Patrick Williams,Moses Moody,Max Christie
Norman Powell,Jalen Green,Tyler Herro,Zach LaVine,Donovan Mitchell,Collin Sexton
OG Anunoby,Rui Hachimura,Derrick Jones Jr.,Jaden McDaniels,Kelly Oubre Jr.,Tobias Harris
Obi Toppin,Santi Aldama,Chris Boucher,Keldon Johnson,Ochai Agbaji,Rui Hachimura
Ochai Agbaji,Jaden McDaniels,Aaron Wiggins,Rui Hachimura,Christian Braun,Keegan Murray
Onyeka Okongwu,Clint Capela,Goga Bitadze,Jakob Poeltl,Trayce Jackson-Davis,Jarrett Allen
Oso Ighodaro,Moussa Diabate,Yves Missi,Jericho Sims,Mason Plumlee,Jaxson Hayes
P.J. Washington,Tobias Harris,Keldon Johnson,Kelly Oubre Jr.,Jabari Smith Jr.,Jaden McDaniels
Paolo Banchero,Brandon Ingram,Cam Thomas,Luka Dončić,Jordan Clarkson,Tre Mann
Pascal Siakam,Bobby Portis,John Collins,Evan Mobley,Jaren Jackson Jr.,Bam Adebayo
Pat Connaughton,David Roddy,Dean Wade,Alec Burks,Max Strus,John Konchar
Patrick Williams,Jalen Wilson,Simone Fontecchio,Corey Kispert,Julian Champagnie,Jerami Grant
Patty Mills,Bogdan Bogdanović,Nick Smith Jr.,Marcus Smart,Svi Mykhailiuk,
Paul George,Jalen Suggs,Jamal Murray,Cole Anthony,Dalano Banton,Malik Monk
Payton Pritchard,Derrick White,Tyus Jones,Fred VanVleet,Cameron Payne,Tyrese Haliburton
Pelle Larsson,Ajay Mitchell,Quenton Jackson,Wendell Moore Jr.,Jordan Miller,Shake Milton
Peyton Watson,Christian Braun,Jaden McDaniels,Rui Hachimura,Derrick Jones Jr.,OG Anunoby
Precious Achiuwa,Daniel Theis,Nic Claxton,Jeremy Sochan,Jonathan Isaac,Isaiah Stewart
Quentin Grimes,Grayson Allen,Julian Strawther,Julian Champagnie,Moses Moody,Max Christie
Quenton Jackson,Ajay Mitchell,Pelle Larsson,Ayo Dosunmu,Keaton Wallace,Jordan Miller
RJ Barrett,Jonathan Kuminga,Deni Avdija,Scottie Barnes,Jalen Johnson,Jaylen Brown
Ricky Council IV,Bilal Coulibaly,Terry Rozier,Brandon Boston,Jaime Jaquez Jr.,Keon Johnson
Robert Williams III,Precious Achiuwa,Deandre Ayton,Kel'el Ware,Nic Claxton,Drew Eubanks
Ronald Holland II,Tristan da Silva,Zaccharie Risacher,Dalton Knecht,Matas Buzelis,Tyrese Martin
Royce O'Neale,Julian Champagnie,Grayson Allen,Dorian Finney-Smith,Taurean Prince,Lindy Waters III
Rudy Gobert,Mason Plumlee,Neemias Queta,Yves Missi,Jaxson Hayes,Walker Kessler
Rui Hachimura,OG Anunoby,Derrick Jones Jr.,Jabari Smith Jr.,Keegan Murray,Keldon Johnson
Russell Westbrook,Malik Monk,Cole Anthony,Jamal Murray,Austin Reaves,Dalano Banton
Ryan Dunn,Matas Buzelis,Zaccharie Risacher,Kyshawn George,Tristan da Silva,Dalton Knecht
Ryan Rollins,Ajay Mitchell,Talen Horton-Tucker,Jaime Jaquez Jr.,Brandin Podziemski,Brandon Boston
Sam Hauser,Dorian Finney-Smith,Kevin Huerter,Julian Champagnie,AJ Green,Taurean Prince
Sam Merrill,Isaiah Joe,Duncan Robinson,Luguentz Dort,Lindy Waters III,Buddy Hield
Santi Aldama,Obi Toppin,Naz Reid,Aaron Wiggins,Keldon Johnson,P.J. Washington
Scoot Henderson,Dennis Schröder,Cole Anthony,Keyonte George,Anfernee Simons,Dalano Banton
Scottie Barnes,RJ Barrett,Jalen Johnson,Deni Avdija,Jalen Williams,Jonathan Kuminga
Scotty Pippen Jr.,Josh Giddey,Jake LaRavia,Tre Jones,Kyle Anderson,T.J. McConnell
Seth Curry,Quentin Grimes,Gary Trent Jr.,Grayson Allen,Brice Sensabaugh,Klay Thompson
Shaedon Sharpe,Bennedict Mathurin,Devin Vassell,Bradley Beal,Jaden Ivey,CJ McCollum
Shai Gilgeous-Alexander,Jayson Tatum,James Harden,Giannis Antetokounmpo,LeBron James,
Shake Milton,Terry Rozier,Brandon Boston,Ayo Dosunmu,Andrew Nembhard,Ajay Mitchell
Simone Fontecchio,Patrick Williams,Corey Kispert,Dorian Finney-Smith,Lindy Waters III,Jalen Wilson
Spencer Dinwiddie,Jamal Murray,Malik Monk,Coby White,Austin Reaves,Dennis Schröder
Stephen Curry,Donovan Mitchell,Tyler Herro,Darius Garland,Damian Lillard,Kyrie Irving
Stephon Castle,Anthony Black,Kevin Porter Jr.,Jamal Shead,Isaiah Collier,Bub Carrington
Svi Mykhailiuk,Bogdan Bogdanović,Nick Smith Jr.,Patty Mills,Marcus Smart,
T.J. McConnell,Josh Giddey,Scotty Pippen Jr.,Tre Jones,Kyle Anderson,Jake LaRavia
Talen Horton-Tucker,Shake Milton,Terry Rozier,Ayo Dosunmu,Jaime Jaquez Jr.,Bilal Coulibaly
Tari Eason,Ausar Thompson,Amen Thompson,Gary Payton II,Josh Hart,Brandon Clarke
Taurean Prince,Dorian Finney-Smith,Luguentz Dort,Lindy Waters III,Haywood Highsmith,Royce O'Neale
Terance Mann,Cody Martin,Caleb Martin,Nikola Jović,Miles McBride,Cason Wallace
Terry Rozier,Bilal Coulibaly,Brandon Boston,Shake Milton,Andrew Nembhard,Keon Johnson
Thomas Bryant,Mo Bamba,Jalen Smith,Kel'el Ware,Isaiah Stewart,Daniel Theis
Tidjane Salaun,Tristan da Silva,Kyshawn George,Tyrese Martin,Cody Williams,Matas Buzelis
Tim Hardaway Jr.,Amir Coffey,Jerami Grant,Julian Champagnie,Moses Moody,Max Christie
Tobias Harris,P.J. Washington,Jabari Smith Jr.,Rui Hachimura,Keldon Johnson,Kelly Oubre Jr.
Tosan Evbuomwan,Bruce Brown,Kyle Kuzma,Trendon Watford,Malcolm Brogdon,
Toumani Camara,Josh Green,Jeremiah Robinson-Earl,Herbert Jones,Julian Phillips,Javonte Green
Trae Young,Damian Lillard,Cade Cunningham,Darius Garland,Jalen Brunson,De'Aaron Fox
Trayce Jackson-Davis,Onyeka Okongwu,Clint Capela,Jakob Poeltl,Goga Bitadze,Dereck Lively II
Tre Jones,Scotty Pippen Jr.,Josh Giddey,Jake LaRavia,Kyle Anderson,Ben Simmons
Tre Mann,Jordan Clarkson,Cam Thomas,Brandon Ingram,Luka Dončić,Paolo Banchero
Trendon Watford,Malcolm Brogdon,Kyle Kuzma,Bruce Brown,Tosan Evbuomwan,
Trevelin Queen,Josh Okogie,Herbert Jones,Josh Green,Dalen Terry,Javonte Green
Trey Lyles,Georges Niang,Grant Williams,Kenrich Williams,Maxi Kleber,Jaylin Williams
Trey Murphy III,Cameron Johnson,De'Andre Hunter,Lauri Markkanen,Brandon Miller,Miles Bridges
Tristan da Silva,Tidjane Salaun,Dalton Knecht,Tyrese Martin,Ronald Holland II,Jaylen Wells
Ty Jerome,Desmond Bane,Jalen Williams,Deni Avdija,Scottie Barnes,Franz Wagner
Tyler Herro,Jalen Green,Darius Garland,Stephen Curry,Zach LaVine,Tyrese Maxey
Tyrese Haliburton,Fred VanVleet,Tyus Jones,Cameron Payne,Chris Paul,Derrick White
Tyrese Martin,Tristan da Silva,Dalton Knecht,Tidjane Salaun,Kyshawn George,Zaccharie Risacher
Tyrese Maxey,De'Aaron Fox,Jalen Green,LaMelo Ball,Anthony Edwards,Donovan Mitchell
Tyus Jones,Tyrese Haliburton,Derrick White,Payton Pritchard,Marcus Sasser,Fred VanVleet
Vasilije Micić,Davion Mitchell,Anthony Black,Monté Morris,Jamal Shead,Bub Carrington
Victor Wembanyama,Evan Mobley,Anthony Davis,Jaren Jackson Jr.,Karl-Anthony Towns,John Collins
Vít Krejčí,Nickeil Alexander-Walker,Nikola Jović,Miles McBride,Donte DiVincenzo,Terance Mann
Walker Kessler,Rudy Gobert,Donovan Clingan,Yves Missi,Neemias Queta,Zach Edey
Wendell Carter Jr.,Daniel Theis,Nic Claxton,Myles Turner,Jonathan Isaac,Kyle Filipowski
Wendell Moore Jr.,Ricky Council IV,Bilal Coulibaly,Jaime Jaquez Jr.,Brandon Boston,Ajay Mitchell
Yves Missi,Rudy Gobert,Oso Ighodaro,Donovan Clingan,Nick Richards,Mason Plumlee
Zaccharie Risacher,Ja'Kobe Walter,Matas Buzelis,Kyshawn George,Ryan Dunn,Ronald Holland II
Zach Collins,Kelly Olynyk,Jusuf Nurkić,Dario Šarić,,
Zach Edey,Donovan Clingan,Day'Ron Sharpe,Walker Kessler,Yves Missi,Moussa Diabate
Zach LaVine,Kyrie Irving,Jalen Green,De'Aaron Fox,Tyler Herro,Anthony Edwards
Ziaire Williams,Herbert Jones,Javonte Green,Julian Phillips,Toumani Camara,Jeremiah Robinson-Earl
